{
  "heading": 195,
  "rank": 14,
  "sail": "ESP33",
  "timestamp": 1489208400,
  "lat_dec": 46.502272,
  "lon_dec": -1.790226,
  "1hour_heading": 0,
  "1hour_speed": 0,
  "1hour_vmg": 0,
  "1hour_distance": 0,
  "lastreport_heading": 0,
  "lastreport_speed": 0,
  "lastreport_vmg": 0,
  "lastreport_distance": 0,
  "24hour_heading": 0,
  "24hour_speed": 0,
  "24hour_vmg": 0,
  "24hour_distance": 0,
  "dtf": 0,
  "dtl": 0,
  "dtp": 0,
  "darksky_twd": "-",
  "darksky_tws": "-",
  "darksky_air": "-",
  "finished": "true",
  "total_time": "108d 21h 50min 45s \n +02h 00min 00s",
  "track": [
    [
      46.4891666667,
      -1.78583333333
    ],
    [
      46.5044444444,
      -1.79222222222
    ],
    [
      46.5047222222,
      -1.79194444444
    ],
    [
      46.5044444444,
      -1.79194444444
    ],
    [
      46.5044444444,
      -1.79194444444
    ],
    [
      46.5044444444,
      -1.79194444444
    ],
    [
      46.5044444444,
      -1.79222222222
    ],
    [
      46.5044444444,
      -1.79194444444
    ],
    [
      46.5044444444,
      -1.79222222222
    ],
    [
      46.5044444444,
      -1.79194444444
    ],
    [
      46.5044444444,
      -1.79194444444
    ],
    [
      46.5044444444,
      -1.79194444444
    ],
    [
      46.5044444444,
      -1.79194444444
    ],
    [
      46.5044444444,
      -1.79194444444
    ],
    [
      46.5044444444,
      -1.79194444444
    ],
    [
      46.5044444444,
      -1.79194444444
    ],
    [
      46.5044444444,
      -1.79194444444
    ],
    [
      46.5044444444,
      -1.79194444444
    ],
    [
      46.5044444444,
      -1.79194444444
    ],
    [
      46.5044444444,
      -1.79194444444
    ],
    [
      46.5044444444,
      -1.79194444444
    ],
    [
      46.5044444444,
      -1.79194444444
    ],
    [
      46.5044444444,
      -1.79194444444
    ],
    [
      46.2683333333,
      -2.11944444444
    ],
    [
      45.8925,
      -2.77694444444
    ],
    [
      45.4733333333,
      -3.54944444444
    ],
    [
      44.7738888889,
      -5.14972222222
    ],
    [
      44.4525,
      -5.85222222222
    ],
    [
      44.3530555556,
      -6.28527777778
    ],
    [
      44.4063888889,
      -6.77138888889
    ],
    [
      44.3455555556,
      -7.35972222222
    ],
    [
      44.2147222222,
      -8.10388888889
    ],
    [
      44.2922222222,
      -9.51055555556
    ],
    [
      43.9172222222,
      -9.82305555556
    ],
    [
      43.4072222222,
      -10.2283333333
    ],
    [
      42.9302777778,
      -10.4580555556
    ],
    [
      42.2838888889,
      -11.0061111111
    ],
    [
      41.705,
      -11.8222222222
    ],
    [
      40.8636111111,
      -13.3583333333
    ],
    [
      40.4113888889,
      -14.3461111111
    ],
    [
      40.2272222222,
      -15.1105555556
    ],
    [
      40.0680555556,
      -15.7922222222
    ],
    [
      39.5127777778,
      -16.0066666667
    ],
    [
      38.7027777778,
      -16.2844444444
    ],
    [
      37.2694444444,
      -16.8427777778
    ],
    [
      36.4155555556,
      -17.1072222222
    ],
    [
      35.8019444444,
      -17.2602777778
    ],
    [
      35.2063888889,
      -17.4422222222
    ],
    [
      34.5883333333,
      -17.6027777778
    ],
    [
      33.7236111111,
      -17.8930555556
    ]
  ]
}
